product_0,https://image.com/products/thumbnail/product_0.jpeg,140500
product_1,https://image.com/products/thumbnail/product_1.jpeg,18000
product_2,https://image.com/products/thumbnail/product_2.jpeg,68700
product_3,https://image.com/products/thumbnail/product_3.jpeg,46000
product_4,https://image.com/products/thumbnail/product_4.jpeg,106600
product_5,https://image.com/products/thumbnail/product_5.jpeg,29800
product_6,https://image.com/products/thumbnail/product_6.jpeg,76900
product_7,https://image.com/products/thumbnail/product_7.jpeg,44500
product_8,https://image.com/products/thumbnail/product_8.jpeg,103700
product_9,https://image.com/products/thumbnail/product_9.jpeg,92900
product_10,https://image.com/products/thumbnail/product_10.jpeg,99100
product_11,https://image.com/products/thumbnail/product_11.jpeg,99400
product_12,https://image.com/products/thumbnail/product_12.jpeg,113600
product_13,https://image.com/products/thumbnail/product_13.jpeg,59400
product_14,https://image.com/products/thumbnail/product_14.jpeg,85800
product_15,https://image.com/products/thumbnail/product_15.jpeg,116800
product_16,https://image.com/products/thumbnail/product_16.jpeg,40100
product_17,https://image.com/products/thumbnail/product_17.jpeg,26400
product_18,https://image.com/products/thumbnail/product_18.jpeg,118000
product_19,https://image.com/products/thumbnail/product_19.jpeg,96900
product_20,https://image.com/products/thumbnail/product_20.jpeg,9400
product_21,https://image.com/products/thumbnail/product_21.jpeg,116800
product_22,https://image.com/products/thumbnail/product_22.jpeg,125300
product_23,https://image.com/products/thumbnail/product_23.jpeg,4900
product_24,https://image.com/products/thumbnail/product_24.jpeg,15500
product_25,https://image.com/products/thumbnail/product_25.jpeg,54700
product_26,https://image.com/products/thumbnail/product_26.jpeg,11900
product_27,https://image.com/products/thumbnail/product_27.jpeg,105000
product_28,https://image.com/products/thumbnail/product_28.jpeg,72600
product_29,https://image.com/products/thumbnail/product_29.jpeg,146200
product_30,https://image.com/products/thumbnail/product_30.jpeg,36900
product_31,https://image.com/products/thumbnail/product_31.jpeg,80700
product_32,https://image.com/products/thumbnail/product_32.jpeg,43800
product_33,https://image.com/products/thumbnail/product_33.jpeg,111300
product_34,https://image.com/products/thumbnail/product_34.jpeg,12100
product_35,https://image.com/products/thumbnail/product_35.jpeg,68700
product_36,https://image.com/products/thumbnail/product_36.jpeg,14600
product_37,https://image.com/products/thumbnail/product_37.jpeg,44500
product_38,https://image.com/products/thumbnail/product_38.jpeg,90600
product_39,https://image.com/products/thumbnail/product_39.jpeg,123900
product_40,https://image.com/products/thumbnail/product_40.jpeg,10500
product_41,https://image.com/products/thumbnail/product_41.jpeg,26500
product_42,https://image.com/products/thumbnail/product_42.jpeg,6100
product_43,https://image.com/products/thumbnail/product_43.jpeg,86400
product_44,https://image.com/products/thumbnail/product_44.jpeg,700
product_45,https://image.com/products/thumbnail/product_45.jpeg,29300
product_46,https://image.com/products/thumbnail/product_46.jpeg,36800
product_47,https://image.com/products/thumbnail/product_47.jpeg,10500
product_48,https://image.com/products/thumbnail/product_48.jpeg,54600
product_49,https://image.com/products/thumbnail/product_49.jpeg,10500
product_50,https://image.com/products/thumbnail/product_50.jpeg,128800
product_51,https://image.com/products/thumbnail/product_51.jpeg,52000
product_52,https://image.com/products/thumbnail/product_52.jpeg,59800
product_53,https://image.com/products/thumbnail/product_53.jpeg,93000
product_54,https://image.com/products/thumbnail/product_54.jpeg,71900
product_55,https://image.com/products/thumbnail/product_55.jpeg,73000
product_56,https://image.com/products/thumbnail/product_56.jpeg,49800
product_57,https://image.com/products/thumbnail/product_57.jpeg,74000
product_58,https://image.com/products/thumbnail/product_58.jpeg,102900
product_59,https://image.com/products/thumbnail/product_59.jpeg,126700
product_60,https://image.com/products/thumbnail/product_60.jpeg,116800
product_61,https://image.com/products/thumbnail/product_61.jpeg,129100
product_62,https://image.com/products/thumbnail/product_62.jpeg,126300
product_63,https://image.com/products/thumbnail/product_63.jpeg,2000
product_64,https://image.com/products/thumbnail/product_64.jpeg,90200
product_65,https://image.com/products/thumbnail/product_65.jpeg,52500
product_66,https://image.com/products/thumbnail/product_66.jpeg,134000
product_67,https://image.com/products/thumbnail/product_67.jpeg,61800
product_68,https://image.com/products/thumbnail/product_68.jpeg,84400
product_69,https://image.com/products/thumbnail/product_69.jpeg,137200
product_70,https://image.com/products/thumbnail/product_70.jpeg,71600
product_71,https://image.com/products/thumbnail/product_71.jpeg,140900
product_72,https://image.com/products/thumbnail/product_72.jpeg,48500
product_73,https://image.com/products/thumbnail/product_73.jpeg,15300
product_74,https://image.com/products/thumbnail/product_74.jpeg,48200
product_75,https://image.com/products/thumbnail/product_75.jpeg,88000
product_76,https://image.com/products/thumbnail/product_76.jpeg,8000
product_77,https://image.com/products/thumbnail/product_77.jpeg,21700
product_78,https://image.com/products/thumbnail/product_78.jpeg,113600
product_79,https://image.com/products/thumbnail/product_79.jpeg,41600
product_80,https://image.com/products/thumbnail/product_80.jpeg,93500
product_81,https://image.com/products/thumbnail/product_81.jpeg,149800
product_82,https://image.com/products/thumbnail/product_82.jpeg,58800
product_83,https://image.com/products/thumbnail/product_83.jpeg,129000
product_84,https://image.com/products/thumbnail/product_84.jpeg,24500
product_85,https://image.com/products/thumbnail/product_85.jpeg,19700
product_86,https://image.com/products/thumbnail/product_86.jpeg,104300
product_87,https://image.com/products/thumbnail/product_87.jpeg,77000
product_88,https://image.com/products/thumbnail/product_88.jpeg,65600
product_89,https://image.com/products/thumbnail/product_89.jpeg,40500
product_90,https://image.com/products/thumbnail/product_90.jpeg,10800
product_91,https://image.com/products/thumbnail/product_91.jpeg,81900
product_92,https://image.com/products/thumbnail/product_92.jpeg,3800
product_93,https://image.com/products/thumbnail/product_93.jpeg,126900
product_94,https://image.com/products/thumbnail/product_94.jpeg,30500
product_95,https://image.com/products/thumbnail/product_95.jpeg,73800
product_96,https://image.com/products/thumbnail/product_96.jpeg,91200
product_97,https://image.com/products/thumbnail/product_97.jpeg,90200
product_98,https://image.com/products/thumbnail/product_98.jpeg,52800
product_99,https://image.com/products/thumbnail/product_99.jpeg,30600
product_100,https://image.com/products/thumbnail/product_100.jpeg,21700
product_101,https://image.com/products/thumbnail/product_101.jpeg,79000
product_102,https://image.com/products/thumbnail/product_102.jpeg,400
product_103,https://image.com/products/thumbnail/product_103.jpeg,90800
product_104,https://image.com/products/thumbnail/product_104.jpeg,121400
product_105,https://image.com/products/thumbnail/product_105.jpeg,67100
product_106,https://image.com/products/thumbnail/product_106.jpeg,127300
product_107,https://image.com/products/thumbnail/product_107.jpeg,37600
product_108,https://image.com/products/thumbnail/product_108.jpeg,128900
product_109,https://image.com/products/thumbnail/product_109.jpeg,61900
product_110,https://image.com/products/thumbnail/product_110.jpeg,64200
product_111,https://image.com/products/thumbnail/product_111.jpeg,147000
product_112,https://image.com/products/thumbnail/product_112.jpeg,29600
product_113,https://image.com/products/thumbnail/product_113.jpeg,115100
product_114,https://image.com/products/thumbnail/product_114.jpeg,91900
product_115,https://image.com/products/thumbnail/product_115.jpeg,123300
product_116,https://image.com/products/thumbnail/product_116.jpeg,142200
product_117,https://image.com/products/thumbnail/product_117.jpeg,95200
product_118,https://image.com/products/thumbnail/product_118.jpeg,129200
product_119,https://image.com/products/thumbnail/product_119.jpeg,90000
product_120,https://image.com/products/thumbnail/product_120.jpeg,122800
product_121,https://image.com/products/thumbnail/product_121.jpeg,54200
product_122,https://image.com/products/thumbnail/product_122.jpeg,144100
product_123,https://image.com/products/thumbnail/product_123.jpeg,10600
product_124,https://image.com/products/thumbnail/product_124.jpeg,56600
product_125,https://image.com/products/thumbnail/product_125.jpeg,128000
product_126,https://image.com/products/thumbnail/product_126.jpeg,145500
product_127,https://image.com/products/thumbnail/product_127.jpeg,15300
product_128,https://image.com/products/thumbnail/product_128.jpeg,117600
product_129,https://image.com/products/thumbnail/product_129.jpeg,52900
product_130,https://image.com/products/thumbnail/product_130.jpeg,118800
product_131,https://image.com/products/thumbnail/product_131.jpeg,115400
product_132,https://image.com/products/thumbnail/product_132.jpeg,27100
product_133,https://image.com/products/thumbnail/product_133.jpeg,114700
product_134,https://image.com/products/thumbnail/product_134.jpeg,143400
product_135,https://image.com/products/thumbnail/product_135.jpeg,42600
product_136,https://image.com/products/thumbnail/product_136.jpeg,31500
product_137,https://image.com/products/thumbnail/product_137.jpeg,142500
product_138,https://image.com/products/thumbnail/product_138.jpeg,7800
product_139,https://image.com/products/thumbnail/product_139.jpeg,104700
product_140,https://image.com/products/thumbnail/product_140.jpeg,69600
product_141,https://image.com/products/thumbnail/product_141.jpeg,122900
product_142,https://image.com/products/thumbnail/product_142.jpeg,108500
product_143,https://image.com/products/thumbnail/product_143.jpeg,53000
product_144,https://image.com/products/thumbnail/product_144.jpeg,87800
product_145,https://image.com/products/thumbnail/product_145.jpeg,116500
product_146,https://image.com/products/thumbnail/product_146.jpeg,107400
product_147,https://image.com/products/thumbnail/product_147.jpeg,30500
product_148,https://image.com/products/thumbnail/product_148.jpeg,118200
product_149,https://image.com/products/thumbnail/product_149.jpeg,87400
product_150,https://image.com/products/thumbnail/product_150.jpeg,102500
product_151,https://image.com/products/thumbnail/product_151.jpeg,51500
product_152,https://image.com/products/thumbnail/product_152.jpeg,12300
product_153,https://image.com/products/thumbnail/product_153.jpeg,135300
product_154,https://image.com/products/thumbnail/product_154.jpeg,6100
product_155,https://image.com/products/thumbnail/product_155.jpeg,59400
product_156,https://image.com/products/thumbnail/product_156.jpeg,147600
product_157,https://image.com/products/thumbnail/product_157.jpeg,26700
product_158,https://image.com/products/thumbnail/product_158.jpeg,98900
product_159,https://image.com/products/thumbnail/product_159.jpeg,70000
product_160,https://image.com/products/thumbnail/product_160.jpeg,7800
product_161,https://image.com/products/thumbnail/product_161.jpeg,900
product_162,https://image.com/products/thumbnail/product_162.jpeg,10800
product_163,https://image.com/products/thumbnail/product_163.jpeg,139400
product_164,https://image.com/products/thumbnail/product_164.jpeg,55000
product_165,https://image.com/products/thumbnail/product_165.jpeg,95700
product_166,https://image.com/products/thumbnail/product_166.jpeg,111000
product_167,https://image.com/products/thumbnail/product_167.jpeg,51900
product_168,https://image.com/products/thumbnail/product_168.jpeg,61500
product_169,https://image.com/products/thumbnail/product_169.jpeg,6000
product_170,https://image.com/products/thumbnail/product_170.jpeg,123300
product_171,https://image.com/products/thumbnail/product_171.jpeg,106300
product_172,https://image.com/products/thumbnail/product_172.jpeg,100
product_173,https://image.com/products/thumbnail/product_173.jpeg,145200
product_174,https://image.com/products/thumbnail/product_174.jpeg,122400
product_175,https://image.com/products/thumbnail/product_175.jpeg,20700
product_176,https://image.com/products/thumbnail/product_176.jpeg,90500
product_177,https://image.com/products/thumbnail/product_177.jpeg,119300
product_178,https://image.com/products/thumbnail/product_178.jpeg,116000
product_179,https://image.com/products/thumbnail/product_179.jpeg,17800
product_180,https://image.com/products/thumbnail/product_180.jpeg,78700
product_181,https://image.com/products/thumbnail/product_181.jpeg,107800
product_182,https://image.com/products/thumbnail/product_182.jpeg,12100
product_183,https://image.com/products/thumbnail/product_183.jpeg,14600
product_184,https://image.com/products/thumbnail/product_184.jpeg,80400
product_185,https://image.com/products/thumbnail/product_185.jpeg,58000
product_186,https://image.com/products/thumbnail/product_186.jpeg,104500
product_187,https://image.com/products/thumbnail/product_187.jpeg,98300
product_188,https://image.com/products/thumbnail/product_188.jpeg,70200
product_189,https://image.com/products/thumbnail/product_189.jpeg,74700
product_190,https://image.com/products/thumbnail/product_190.jpeg,111700
product_191,https://image.com/products/thumbnail/product_191.jpeg,84700
product_192,https://image.com/products/thumbnail/product_192.jpeg,53200
product_193,https://image.com/products/thumbnail/product_193.jpeg,123600
product_194,https://image.com/products/thumbnail/product_194.jpeg,50700
product_195,https://image.com/products/thumbnail/product_195.jpeg,117000
product_196,https://image.com/products/thumbnail/product_196.jpeg,48300
product_197,https://image.com/products/thumbnail/product_197.jpeg,142300
product_198,https://image.com/products/thumbnail/product_198.jpeg,43000
product_199,https://image.com/products/thumbnail/product_199.jpeg,55200
product_200,https://image.com/products/thumbnail/product_200.jpeg,58300
product_201,https://image.com/products/thumbnail/product_201.jpeg,120900
product_202,https://image.com/products/thumbnail/product_202.jpeg,132900
product_203,https://image.com/products/thumbnail/product_203.jpeg,129100
product_204,https://image.com/products/thumbnail/product_204.jpeg,107100
product_205,https://image.com/products/thumbnail/product_205.jpeg,117900
product_206,https://image.com/products/thumbnail/product_206.jpeg,133600
product_207,https://image.com/products/thumbnail/product_207.jpeg,106900
product_208,https://image.com/products/thumbnail/product_208.jpeg,109100
product_209,https://image.com/products/thumbnail/product_209.jpeg,35800
product_210,https://image.com/products/thumbnail/product_210.jpeg,146900
product_211,https://image.com/products/thumbnail/product_211.jpeg,34100
product_212,https://image.com/products/thumbnail/product_212.jpeg,110200
product_213,https://image.com/products/thumbnail/product_213.jpeg,119200
product_214,https://image.com/products/thumbnail/product_214.jpeg,88100
product_215,https://image.com/products/thumbnail/product_215.jpeg,19300
product_216,https://image.com/products/thumbnail/product_216.jpeg,113000
product_217,https://image.com/products/thumbnail/product_217.jpeg,37500
product_218,https://image.com/products/thumbnail/product_218.jpeg,114400
product_219,https://image.com/products/thumbnail/product_219.jpeg,30500
product_220,https://image.com/products/thumbnail/product_220.jpeg,66700
product_221,https://image.com/products/thumbnail/product_221.jpeg,99700
product_222,https://image.com/products/thumbnail/product_222.jpeg,27400
product_223,https://image.com/products/thumbnail/product_223.jpeg,57200
product_224,https://image.com/products/thumbnail/product_224.jpeg,115900
product_225,https://image.com/products/thumbnail/product_225.jpeg,132900
product_226,https://image.com/products/thumbnail/product_226.jpeg,125600
product_227,https://image.com/products/thumbnail/product_227.jpeg,77900
product_228,https://image.com/products/thumbnail/product_228.jpeg,14900
product_229,https://image.com/products/thumbnail/product_229.jpeg,2300
product_230,https://image.com/products/thumbnail/product_230.jpeg,60100
product_231,https://image.com/products/thumbnail/product_231.jpeg,22800
product_232,https://image.com/products/thumbnail/product_232.jpeg,140200
product_233,https://image.com/products/thumbnail/product_233.jpeg,25900
product_234,https://image.com/products/thumbnail/product_234.jpeg,88400
product_235,https://image.com/products/thumbnail/product_235.jpeg,110000
product_236,https://image.com/products/thumbnail/product_236.jpeg,33900
product_237,https://image.com/products/thumbnail/product_237.jpeg,124800
product_238,https://image.com/products/thumbnail/product_238.jpeg,15700
product_239,https://image.com/products/thumbnail/product_239.jpeg,22200
product_240,https://image.com/products/thumbnail/product_240.jpeg,29000
product_241,https://image.com/products/thumbnail/product_241.jpeg,15100
product_242,https://image.com/products/thumbnail/product_242.jpeg,62100
product_243,https://image.com/products/thumbnail/product_243.jpeg,31000
product_244,https://image.com/products/thumbnail/product_244.jpeg,88300
product_245,https://image.com/products/thumbnail/product_245.jpeg,18700
product_246,https://image.com/products/thumbnail/product_246.jpeg,49200
product_247,https://image.com/products/thumbnail/product_247.jpeg,15000
product_248,https://image.com/products/thumbnail/product_248.jpeg,142900
product_249,https://image.com/products/thumbnail/product_249.jpeg,56700
product_250,https://image.com/products/thumbnail/product_250.jpeg,142200
product_251,https://image.com/products/thumbnail/product_251.jpeg,14800
product_252,https://image.com/products/thumbnail/product_252.jpeg,57600
product_253,https://image.com/products/thumbnail/product_253.jpeg,300
product_254,https://image.com/products/thumbnail/product_254.jpeg,58100
product_255,https://image.com/products/thumbnail/product_255.jpeg,147000
product_256,https://image.com/products/thumbnail/product_256.jpeg,39400
product_257,https://image.com/products/thumbnail/product_257.jpeg,56000
product_258,https://image.com/products/thumbnail/product_258.jpeg,20000
product_259,https://image.com/products/thumbnail/product_259.jpeg,97500
product_260,https://image.com/products/thumbnail/product_260.jpeg,53100
product_261,https://image.com/products/thumbnail/product_261.jpeg,55100
product_262,https://image.com/products/thumbnail/product_262.jpeg,6100
product_263,https://image.com/products/thumbnail/product_263.jpeg,109100
product_264,https://image.com/products/thumbnail/product_264.jpeg,67900
product_265,https://image.com/products/thumbnail/product_265.jpeg,18800
product_266,https://image.com/products/thumbnail/product_266.jpeg,77500
product_267,https://image.com/products/thumbnail/product_267.jpeg,88400
product_268,https://image.com/products/thumbnail/product_268.jpeg,130000
product_269,https://image.com/products/thumbnail/product_269.jpeg,14700
product_270,https://image.com/products/thumbnail/product_270.jpeg,51500
product_271,https://image.com/products/thumbnail/product_271.jpeg,18000
product_272,https://image.com/products/thumbnail/product_272.jpeg,19200
product_273,https://image.com/products/thumbnail/product_273.jpeg,48400
product_274,https://image.com/products/thumbnail/product_274.jpeg,5100
product_275,https://image.com/products/thumbnail/product_275.jpeg,57300
product_276,https://image.com/products/thumbnail/product_276.jpeg,139600
product_277,https://image.com/products/thumbnail/product_277.jpeg,81000
product_278,https://image.com/products/thumbnail/product_278.jpeg,95000
product_279,https://image.com/products/thumbnail/product_279.jpeg,29600
product_280,https://image.com/products/thumbnail/product_280.jpeg,100500
product_281,https://image.com/products/thumbnail/product_281.jpeg,86200
product_282,https://image.com/products/thumbnail/product_282.jpeg,80900
product_283,https://image.com/products/thumbnail/product_283.jpeg,53600
product_284,https://image.com/products/thumbnail/product_284.jpeg,94500
product_285,https://image.com/products/thumbnail/product_285.jpeg,140700
product_286,https://image.com/products/thumbnail/product_286.jpeg,17700
product_287,https://image.com/products/thumbnail/product_287.jpeg,80500
product_288,https://image.com/products/thumbnail/product_288.jpeg,65600
product_289,https://image.com/products/thumbnail/product_289.jpeg,52300
product_290,https://image.com/products/thumbnail/product_290.jpeg,107200
product_291,https://image.com/products/thumbnail/product_291.jpeg,124500
product_292,https://image.com/products/thumbnail/product_292.jpeg,94200
product_293,https://image.com/products/thumbnail/product_293.jpeg,69300
product_294,https://image.com/products/thumbnail/product_294.jpeg,136900
product_295,https://image.com/products/thumbnail/product_295.jpeg,19600
product_296,https://image.com/products/thumbnail/product_296.jpeg,46600
product_297,https://image.com/products/thumbnail/product_297.jpeg,44400
product_298,https://image.com/products/thumbnail/product_298.jpeg,16200
product_299,https://image.com/products/thumbnail/product_299.jpeg,75700
product_300,https://image.com/products/thumbnail/product_300.jpeg,15700
product_301,https://image.com/products/thumbnail/product_301.jpeg,96300
product_302,https://image.com/products/thumbnail/product_302.jpeg,107400
product_303,https://image.com/products/thumbnail/product_303.jpeg,143600
product_304,https://image.com/products/thumbnail/product_304.jpeg,117800
product_305,https://image.com/products/thumbnail/product_305.jpeg,113300
product_306,https://image.com/products/thumbnail/product_306.jpeg,77600
product_307,https://image.com/products/thumbnail/product_307.jpeg,8800
product_308,https://image.com/products/thumbnail/product_308.jpeg,31500
product_309,https://image.com/products/thumbnail/product_309.jpeg,108900
product_310,https://image.com/products/thumbnail/product_310.jpeg,62700
product_311,https://image.com/products/thumbnail/product_311.jpeg,48600
product_312,https://image.com/products/thumbnail/product_312.jpeg,133200
product_313,https://image.com/products/thumbnail/product_313.jpeg,115600
product_314,https://image.com/products/thumbnail/product_314.jpeg,23000
product_315,https://image.com/products/thumbnail/product_315.jpeg,39500
product_316,https://image.com/products/thumbnail/product_316.jpeg,49400
product_317,https://image.com/products/thumbnail/product_317.jpeg,143500
product_318,https://image.com/products/thumbnail/product_318.jpeg,27600
product_319,https://image.com/products/thumbnail/product_319.jpeg,55100
product_320,https://image.com/products/thumbnail/product_320.jpeg,82300
product_321,https://image.com/products/thumbnail/product_321.jpeg,102000
product_322,https://image.com/products/thumbnail/product_322.jpeg,95500
product_323,https://image.com/products/thumbnail/product_323.jpeg,13000
product_324,https://image.com/products/thumbnail/product_324.jpeg,132300
product_325,https://image.com/products/thumbnail/product_325.jpeg,79900
product_326,https://image.com/products/thumbnail/product_326.jpeg,38900
product_327,https://image.com/products/thumbnail/product_327.jpeg,96300
product_328,https://image.com/products/thumbnail/product_328.jpeg,59500
product_329,https://image.com/products/thumbnail/product_329.jpeg,130200
product_330,https://image.com/products/thumbnail/product_330.jpeg,126400
product_331,https://image.com/products/thumbnail/product_331.jpeg,51700
product_332,https://image.com/products/thumbnail/product_332.jpeg,31600
product_333,https://image.com/products/thumbnail/product_333.jpeg,142600
product_334,https://image.com/products/thumbnail/product_334.jpeg,139900
product_335,https://image.com/products/thumbnail/product_335.jpeg,15600
product_336,https://image.com/products/thumbnail/product_336.jpeg,127300
product_337,https://image.com/products/thumbnail/product_337.jpeg,77300
product_338,https://image.com/products/thumbnail/product_338.jpeg,149200
product_339,https://image.com/products/thumbnail/product_339.jpeg,32800
product_340,https://image.com/products/thumbnail/product_340.jpeg,102400
product_341,https://image.com/products/thumbnail/product_341.jpeg,114300
product_342,https://image.com/products/thumbnail/product_342.jpeg,60000
product_343,https://image.com/products/thumbnail/product_343.jpeg,27700
product_344,https://image.com/products/thumbnail/product_344.jpeg,126700
product_345,https://image.com/products/thumbnail/product_345.jpeg,91400
product_346,https://image.com/products/thumbnail/product_346.jpeg,47300
product_347,https://image.com/products/thumbnail/product_347.jpeg,39500
product_348,https://image.com/products/thumbnail/product_348.jpeg,109800
product_349,https://image.com/products/thumbnail/product_349.jpeg,137200
product_350,https://image.com/products/thumbnail/product_350.jpeg,16000
product_351,https://image.com/products/thumbnail/product_351.jpeg,59900
product_352,https://image.com/products/thumbnail/product_352.jpeg,100700
product_353,https://image.com/products/thumbnail/product_353.jpeg,46300
product_354,https://image.com/products/thumbnail/product_354.jpeg,111600
product_355,https://image.com/products/thumbnail/product_355.jpeg,10600
product_356,https://image.com/products/thumbnail/product_356.jpeg,67400
product_357,https://image.com/products/thumbnail/product_357.jpeg,117800
product_358,https://image.com/products/thumbnail/product_358.jpeg,95000
product_359,https://image.com/products/thumbnail/product_359.jpeg,47100
product_360,https://image.com/products/thumbnail/product_360.jpeg,28800
product_361,https://image.com/products/thumbnail/product_361.jpeg,146400
product_362,https://image.com/products/thumbnail/product_362.jpeg,95200
product_363,https://image.com/products/thumbnail/product_363.jpeg,32100
product_364,https://image.com/products/thumbnail/product_364.jpeg,10400
product_365,https://image.com/products/thumbnail/product_365.jpeg,140600
product_366,https://image.com/products/thumbnail/product_366.jpeg,138200
product_367,https://image.com/products/thumbnail/product_367.jpeg,13400
product_368,https://image.com/products/thumbnail/product_368.jpeg,66900
product_369,https://image.com/products/thumbnail/product_369.jpeg,78300
product_370,https://image.com/products/thumbnail/product_370.jpeg,114000
product_371,https://image.com/products/thumbnail/product_371.jpeg,25900
product_372,https://image.com/products/thumbnail/product_372.jpeg,3600
product_373,https://image.com/products/thumbnail/product_373.jpeg,36200
product_374,https://image.com/products/thumbnail/product_374.jpeg,57600
product_375,https://image.com/products/thumbnail/product_375.jpeg,54100
product_376,https://image.com/products/thumbnail/product_376.jpeg,65000
product_377,https://image.com/products/thumbnail/product_377.jpeg,4600
product_378,https://image.com/products/thumbnail/product_378.jpeg,18800
product_379,https://image.com/products/thumbnail/product_379.jpeg,138900
product_380,https://image.com/products/thumbnail/product_380.jpeg,8000
product_381,https://image.com/products/thumbnail/product_381.jpeg,43200
product_382,https://image.com/products/thumbnail/product_382.jpeg,200
product_383,https://image.com/products/thumbnail/product_383.jpeg,48500
product_384,https://image.com/products/thumbnail/product_384.jpeg,112200
product_385,https://image.com/products/thumbnail/product_385.jpeg,28800
product_386,https://image.com/products/thumbnail/product_386.jpeg,63600
product_387,https://image.com/products/thumbnail/product_387.jpeg,83600
product_388,https://image.com/products/thumbnail/product_388.jpeg,87900
product_389,https://image.com/products/thumbnail/product_389.jpeg,68200
product_390,https://image.com/products/thumbnail/product_390.jpeg,92100
product_391,https://image.com/products/thumbnail/product_391.jpeg,43400
product_392,https://image.com/products/thumbnail/product_392.jpeg,87100
product_393,https://image.com/products/thumbnail/product_393.jpeg,64500
product_394,https://image.com/products/thumbnail/product_394.jpeg,106600
product_395,https://image.com/products/thumbnail/product_395.jpeg,135300
product_396,https://image.com/products/thumbnail/product_396.jpeg,139000
product_397,https://image.com/products/thumbnail/product_397.jpeg,71900
product_398,https://image.com/products/thumbnail/product_398.jpeg,9800
product_399,https://image.com/products/thumbnail/product_399.jpeg,62800
product_400,https://image.com/products/thumbnail/product_400.jpeg,139800
product_401,https://image.com/products/thumbnail/product_401.jpeg,136500
product_402,https://image.com/products/thumbnail/product_402.jpeg,27700
product_403,https://image.com/products/thumbnail/product_403.jpeg,25600
product_404,https://image.com/products/thumbnail/product_404.jpeg,74200
product_405,https://image.com/products/thumbnail/product_405.jpeg,32800
product_406,https://image.com/products/thumbnail/product_406.jpeg,100100
product_407,https://image.com/products/thumbnail/product_407.jpeg,124700
product_408,https://image.com/products/thumbnail/product_408.jpeg,8900
product_409,https://image.com/products/thumbnail/product_409.jpeg,91300
product_410,https://image.com/products/thumbnail/product_410.jpeg,2000
product_411,https://image.com/products/thumbnail/product_411.jpeg,120600
product_412,https://image.com/products/thumbnail/product_412.jpeg,89100
product_413,https://image.com/products/thumbnail/product_413.jpeg,103500
product_414,https://image.com/products/thumbnail/product_414.jpeg,148000
product_415,https://image.com/products/thumbnail/product_415.jpeg,93100
product_416,https://image.com/products/thumbnail/product_416.jpeg,62300
product_417,https://image.com/products/thumbnail/product_417.jpeg,70400
product_418,https://image.com/products/thumbnail/product_418.jpeg,126300
product_419,https://image.com/products/thumbnail/product_419.jpeg,12500
product_420,https://image.com/products/thumbnail/product_420.jpeg,92300
product_421,https://image.com/products/thumbnail/product_421.jpeg,22100
product_422,https://image.com/products/thumbnail/product_422.jpeg,54800
product_423,https://image.com/products/thumbnail/product_423.jpeg,62500
product_424,https://image.com/products/thumbnail/product_424.jpeg,33900
product_425,https://image.com/products/thumbnail/product_425.jpeg,138100
product_426,https://image.com/products/thumbnail/product_426.jpeg,95500
product_427,https://image.com/products/thumbnail/product_427.jpeg,36500
product_428,https://image.com/products/thumbnail/product_428.jpeg,31200
product_429,https://image.com/products/thumbnail/product_429.jpeg,115200
product_430,https://image.com/products/thumbnail/product_430.jpeg,134800
product_431,https://image.com/products/thumbnail/product_431.jpeg,114700
product_432,https://image.com/products/thumbnail/product_432.jpeg,47200
product_433,https://image.com/products/thumbnail/product_433.jpeg,61500
product_434,https://image.com/products/thumbnail/product_434.jpeg,113800
product_435,https://image.com/products/thumbnail/product_435.jpeg,127400
product_436,https://image.com/products/thumbnail/product_436.jpeg,86900
product_437,https://image.com/products/thumbnail/product_437.jpeg,10300
product_438,https://image.com/products/thumbnail/product_438.jpeg,107000
product_439,https://image.com/products/thumbnail/product_439.jpeg,22100
product_440,https://image.com/products/thumbnail/product_440.jpeg,94300
product_441,https://image.com/products/thumbnail/product_441.jpeg,143900
product_442,https://image.com/products/thumbnail/product_442.jpeg,69300
product_443,https://image.com/products/thumbnail/product_443.jpeg,76500
product_444,https://image.com/products/thumbnail/product_444.jpeg,148800
product_445,https://image.com/products/thumbnail/product_445.jpeg,142700
product_446,https://image.com/products/thumbnail/product_446.jpeg,7100
product_447,https://image.com/products/thumbnail/product_447.jpeg,23500
product_448,https://image.com/products/thumbnail/product_448.jpeg,73400
product_449,https://image.com/products/thumbnail/product_449.jpeg,148300
product_450,https://image.com/products/thumbnail/product_450.jpeg,132300
product_451,https://image.com/products/thumbnail/product_451.jpeg,72900
product_452,https://image.com/products/thumbnail/product_452.jpeg,134800
product_453,https://image.com/products/thumbnail/product_453.jpeg,96900
product_454,https://image.com/products/thumbnail/product_454.jpeg,56400
product_455,https://image.com/products/thumbnail/product_455.jpeg,40700
product_456,https://image.com/products/thumbnail/product_456.jpeg,48800
product_457,https://image.com/products/thumbnail/product_457.jpeg,47300
product_458,https://image.com/products/thumbnail/product_458.jpeg,10000
product_459,https://image.com/products/thumbnail/product_459.jpeg,87800
product_460,https://image.com/products/thumbnail/product_460.jpeg,106200
product_461,https://image.com/products/thumbnail/product_461.jpeg,115900
product_462,https://image.com/products/thumbnail/product_462.jpeg,79500
product_463,https://image.com/products/thumbnail/product_463.jpeg,127800
product_464,https://image.com/products/thumbnail/product_464.jpeg,46200
product_465,https://image.com/products/thumbnail/product_465.jpeg,90200
product_466,https://image.com/products/thumbnail/product_466.jpeg,122000
product_467,https://image.com/products/thumbnail/product_467.jpeg,14400
product_468,https://image.com/products/thumbnail/product_468.jpeg,22900
product_469,https://image.com/products/thumbnail/product_469.jpeg,73300
product_470,https://image.com/products/thumbnail/product_470.jpeg,144000
product_471,https://image.com/products/thumbnail/product_471.jpeg,126000
product_472,https://image.com/products/thumbnail/product_472.jpeg,136200
product_473,https://image.com/products/thumbnail/product_473.jpeg,74200
product_474,https://image.com/products/thumbnail/product_474.jpeg,94600
product_475,https://image.com/products/thumbnail/product_475.jpeg,35600
product_476,https://image.com/products/thumbnail/product_476.jpeg,68800
product_477,https://image.com/products/thumbnail/product_477.jpeg,104400
product_478,https://image.com/products/thumbnail/product_478.jpeg,42200
product_479,https://image.com/products/thumbnail/product_479.jpeg,109300
product_480,https://image.com/products/thumbnail/product_480.jpeg,8600
product_481,https://image.com/products/thumbnail/product_481.jpeg,41900
product_482,https://image.com/products/thumbnail/product_482.jpeg,98400
product_483,https://image.com/products/thumbnail/product_483.jpeg,24100
product_484,https://image.com/products/thumbnail/product_484.jpeg,60800
product_485,https://image.com/products/thumbnail/product_485.jpeg,62500
product_486,https://image.com/products/thumbnail/product_486.jpeg,44900
product_487,https://image.com/products/thumbnail/product_487.jpeg,126100
product_488,https://image.com/products/thumbnail/product_488.jpeg,140600
product_489,https://image.com/products/thumbnail/product_489.jpeg,133500
product_490,https://image.com/products/thumbnail/product_490.jpeg,53900
product_491,https://image.com/products/thumbnail/product_491.jpeg,39400
product_492,https://image.com/products/thumbnail/product_492.jpeg,62900
product_493,https://image.com/products/thumbnail/product_493.jpeg,140500
product_494,https://image.com/products/thumbnail/product_494.jpeg,80500
product_495,https://image.com/products/thumbnail/product_495.jpeg,98600
product_496,https://image.com/products/thumbnail/product_496.jpeg,21400
product_497,https://image.com/products/thumbnail/product_497.jpeg,102900
product_498,https://image.com/products/thumbnail/product_498.jpeg,7700
product_499,https://image.com/products/thumbnail/product_499.jpeg,148700
